item_id,score,response_chars,empty_content,disposition,finish_reason
0,1.0,2381,0,correct,stop
1,1.0,788,0,correct,stop
2,1.0,1545,0,correct,stop
3,1.0,994,0,correct,stop
4,1.0,28,0,correct,stop
5,1.0,389,0,correct,stop
6,1.0,1000,0,correct,stop
7,1.0,960,0,correct,stop
8,1.0,461,0,correct,stop
9,1.0,3290,0,correct,stop
10,1.0,2588,0,correct,stop
11,1.0,1001,0,correct,stop
12,1.0,1529,0,correct,stop
13,1.0,1447,0,correct,stop
14,1.0,1142,0,correct,stop
15,1.0,488,0,correct,stop
16,1.0,21,0,correct,stop
17,1.0,141,0,correct,stop
18,1.0,45,0,correct,stop
19,1.0,149,0,correct,stop
20,1.0,919,0,correct,stop
21,1.0,172,0,correct,stop
22,1.0,587,0,correct,stop
23,0.0,0,1,budget,length
24,1.0,2784,0,correct,stop
25,1.0,893,0,correct,stop
26,1.0,479,0,correct,stop
27,1.0,383,0,correct,stop
28,1.0,380,0,correct,stop
29,1.0,295,0,correct,stop
30,1.0,322,0,correct,stop
31,1.0,3329,0,correct,stop
32,1.0,241,0,correct,stop
33,0.0,0,1,budget,length
34,0.0,0,1,budget,length
35,1.0,152,0,correct,stop
36,1.0,884,0,correct,stop
37,1.0,5991,0,correct,stop
38,1.0,755,0,correct,stop
39,1.0,488,0,correct,stop
40,1.0,1985,0,correct,stop
41,1.0,734,0,correct,stop
42,1.0,417,0,correct,stop
43,1.0,1334,0,correct,stop
44,1.0,550,0,correct,stop
45,1.0,25,0,correct,stop
46,1.0,542,0,correct,stop
47,1.0,1641,0,correct,stop
48,1.0,2624,0,correct,stop
49,1.0,4014,0,correct,stop
50,0.0,0,1,budget,length
51,1.0,428,0,correct,stop
52,1.0,2477,0,correct,stop
53,1.0,429,0,correct,stop
54,1.0,1530,0,correct,stop
55,1.0,550,0,correct,stop
56,0.0,0,1,budget,length
57,1.0,182,0,correct,stop
58,1.0,1621,0,correct,stop
59,0.0,0,1,budget,length
60,1.0,132,0,correct,stop
61,0.0,0,1,budget,length
62,1.0,439,0,correct,stop
63,1.0,2896,0,correct,stop
64,1.0,642,0,correct,stop
65,1.0,1016,0,correct,stop
66,1.0,2522,0,correct,stop
67,1.0,546,0,correct,stop
68,1.0,269,0,correct,stop
69,1.0,947,0,correct,stop
70,1.0,3220,0,correct,stop
71,1.0,2419,0,correct,stop
72,1.0,817,0,correct,stop
73,1.0,1142,0,correct,stop
74,1.0,162,0,correct,stop
75,1.0,490,0,correct,stop
76,1.0,262,0,correct,stop
77,1.0,2032,0,correct,stop
78,1.0,924,0,correct,stop
79,1.0,129,0,correct,stop
80,1.0,576,0,correct,stop
81,1.0,194,0,correct,stop
82,1.0,795,0,correct,stop
83,1.0,1000,0,correct,stop
84,1.0,2656,0,correct,stop
85,1.0,930,0,correct,stop
86,1.0,203,0,correct,stop
87,1.0,721,0,correct,stop
88,1.0,2364,0,correct,stop
89,1.0,1186,0,correct,stop
90,1.0,1020,0,correct,stop
91,1.0,73,0,correct,stop
92,1.0,572,0,correct,stop
93,1.0,121,0,correct,stop
94,1.0,6092,0,correct,stop
95,1.0,6705,0,correct,stop
96,1.0,3653,0,correct,stop
97,1.0,233,0,correct,stop
98,1.0,511,0,correct,stop
99,0.0,882,0,wrong,stop
100,1.0,2461,0,correct,stop
101,1.0,3255,0,correct,stop
102,1.0,864,0,correct,stop
103,1.0,3628,0,correct,stop
104,1.0,291,0,correct,stop
105,0.0,0,1,budget,length
106,1.0,196,0,correct,stop
107,1.0,312,0,correct,stop
108,1.0,132,0,correct,stop
109,1.0,448,0,correct,stop
110,0.0,1969,0,wrong,stop
111,1.0,626,0,correct,stop
112,0.0,1392,0,wrong,stop
113,1.0,825,0,correct,stop
114,1.0,880,0,correct,stop
115,0.0,952,0,wrong,stop
116,1.0,470,0,correct,stop
117,1.0,249,0,correct,stop
118,1.0,614,0,correct,stop
119,1.0,1293,0,correct,stop
120,0.0,5091,0,wrong,stop
121,1.0,979,0,correct,stop
122,0.0,50,0,wrong,stop
123,1.0,2614,0,correct,stop
124,1.0,652,0,correct,stop
125,1.0,1577,0,correct,stop
126,1.0,1691,0,correct,stop
127,1.0,869,0,correct,stop
128,1.0,1135,0,correct,stop
129,1.0,3987,0,correct,stop
130,1.0,1390,0,correct,stop
131,1.0,36,0,correct,stop
132,0.0,0,1,budget,length
133,0.0,3803,0,wrong,stop
134,1.0,1382,0,correct,stop
135,1.0,834,0,correct,stop
136,1.0,2389,0,correct,stop
137,1.0,2144,0,correct,stop
138,1.0,1211,0,correct,stop
139,1.0,4,0,correct,stop
140,1.0,326,0,correct,stop
141,1.0,2703,0,correct,stop
142,1.0,2799,0,correct,stop
143,1.0,1875,0,correct,stop
144,1.0,1198,0,correct,stop
145,1.0,652,0,correct,stop
146,1.0,6201,0,correct,stop
147,0.0,0,1,budget,length
148,1.0,622,0,correct,stop
149,1.0,1458,0,correct,stop
150,1.0,310,0,correct,stop
151,0.0,2475,0,wrong,stop
152,0.0,174,0,wrong,stop
153,1.0,1793,0,correct,stop
154,1.0,624,0,correct,stop
155,1.0,1439,0,correct,stop
156,1.0,930,0,correct,stop
157,0.0,15,0,wrong,stop
158,1.0,1723,0,correct,stop
159,1.0,89,0,correct,stop
160,1.0,1740,0,correct,stop
161,1.0,1617,0,correct,stop
162,0.0,0,1,budget,length
163,1.0,364,0,correct,stop
164,1.0,185,0,correct,stop
165,1.0,1000,0,correct,stop
166,1.0,406,0,correct,stop
167,1.0,3585,0,correct,stop
168,1.0,741,0,correct,stop
169,1.0,236,0,correct,stop
170,1.0,2060,0,correct,stop
171,1.0,608,0,correct,stop
172,1.0,580,0,correct,stop
173,1.0,557,0,correct,stop
174,1.0,419,0,correct,stop
175,1.0,540,0,correct,stop
176,1.0,738,0,correct,stop
177,1.0,714,0,correct,stop
178,0.0,1327,0,wrong,stop
179,0.0,2970,0,wrong,stop
180,1.0,565,0,correct,stop
181,1.0,947,0,correct,stop
182,1.0,2183,0,correct,stop
183,1.0,1288,0,correct,stop
184,1.0,371,0,correct,stop
185,0.0,0,1,budget,length
186,1.0,947,0,correct,stop
187,1.0,60,0,correct,stop
188,0.0,0,1,budget,length
189,1.0,1525,0,correct,stop
190,1.0,296,0,correct,stop
191,1.0,558,0,correct,stop
192,1.0,258,0,correct,stop
193,1.0,2521,0,correct,stop
194,1.0,406,0,correct,stop
195,1.0,860,0,correct,stop
196,1.0,2383,0,correct,stop
197,1.0,681,0,correct,stop
198,1.0,139,0,correct,stop
199,1.0,1023,0,correct,stop
200,1.0,2788,0,correct,stop
201,1.0,1383,0,correct,stop
202,1.0,334,0,correct,stop
203,1.0,91,0,correct,stop
204,1.0,1167,0,correct,stop
205,1.0,171,0,correct,stop
206,1.0,219,0,correct,stop
207,1.0,2767,0,correct,stop
208,1.0,517,0,correct,stop
209,1.0,1319,0,correct,stop
210,1.0,758,0,correct,stop
211,1.0,202,0,correct,stop
212,1.0,935,0,correct,stop
213,1.0,854,0,correct,stop
214,1.0,105,0,correct,stop
215,1.0,199,0,correct,stop
216,1.0,397,0,correct,stop
217,0.0,0,1,budget,length
218,1.0,1780,0,correct,stop
219,0.0,1148,0,wrong,stop
220,1.0,656,0,correct,stop
221,1.0,473,0,correct,stop
222,1.0,2680,0,correct,stop
223,1.0,192,0,correct,stop
224,1.0,39,0,correct,stop
225,1.0,428,0,correct,stop
226,1.0,21,0,correct,stop
227,1.0,2435,0,correct,stop
228,1.0,1326,0,correct,stop
229,0.0,1913,0,wrong,stop
230,1.0,2604,0,correct,stop
231,1.0,506,0,correct,stop
232,1.0,351,0,correct,stop
233,1.0,548,0,correct,stop
234,1.0,21,0,correct,stop
235,1.0,1146,0,correct,stop
236,1.0,3203,0,correct,stop
237,1.0,2267,0,correct,stop
238,1.0,2401,0,correct,stop
239,0.0,0,1,budget,length
240,1.0,1617,0,correct,stop
241,0.0,0,1,budget,length
242,0.0,419,0,wrong,stop
243,0.0,0,1,budget,length
244,1.0,435,0,correct,stop
245,1.0,25,0,correct,stop
246,1.0,1553,0,correct,stop
247,1.0,138,0,correct,stop
248,1.0,1015,0,correct,stop
249,1.0,564,0,correct,stop
250,1.0,107,0,correct,stop
251,0.0,0,1,budget,length
252,1.0,1471,0,correct,stop
253,1.0,2312,0,correct,stop
254,0.0,1789,0,wrong,stop
255,1.0,108,0,correct,stop
256,1.0,554,0,correct,stop
257,1.0,1147,0,correct,stop
258,1.0,255,0,correct,stop
259,1.0,2611,0,correct,stop
260,1.0,102,0,correct,stop
261,1.0,1552,0,correct,stop
262,1.0,2503,0,correct,stop
263,1.0,528,0,correct,stop
264,1.0,312,0,correct,stop
265,1.0,751,0,correct,stop
266,1.0,351,0,correct,stop
267,1.0,670,0,correct,stop
268,1.0,572,0,correct,stop
269,1.0,489,0,correct,stop
270,1.0,1242,0,correct,stop
271,1.0,183,0,correct,stop
272,1.0,299,0,correct,stop
273,1.0,1727,0,correct,stop
274,1.0,558,0,correct,stop
275,0.0,571,0,wrong,stop
276,1.0,639,0,correct,stop
277,1.0,198,0,correct,stop
278,1.0,334,0,correct,stop
279,1.0,321,0,correct,stop
280,1.0,333,0,correct,stop
281,1.0,527,0,correct,stop
282,1.0,1474,0,correct,stop
283,1.0,2050,0,correct,stop
284,0.0,0,1,budget,length
285,1.0,478,0,correct,stop
286,1.0,529,0,correct,stop
287,1.0,405,0,correct,stop
288,1.0,365,0,correct,stop
289,1.0,887,0,correct,stop
290,0.0,0,1,budget,length
291,1.0,461,0,correct,stop
292,1.0,76,0,correct,stop
293,1.0,469,0,correct,stop
294,1.0,596,0,correct,stop
295,1.0,742,0,correct,stop
296,0.0,1134,0,wrong,stop
297,1.0,349,0,correct,stop
298,1.0,1774,0,correct,stop
299,0.0,0,1,budget,length
300,1.0,845,0,correct,stop
301,1.0,94,0,correct,stop
302,1.0,1635,0,correct,stop
303,1.0,747,0,correct,stop
304,0.0,1570,0,wrong,stop
305,1.0,737,0,correct,stop
306,1.0,474,0,correct,stop
307,1.0,168,0,correct,stop
308,1.0,153,0,correct,stop
309,1.0,330,0,correct,stop
310,1.0,735,0,correct,stop
311,1.0,443,0,correct,stop
312,0.0,0,1,budget,length
313,1.0,395,0,correct,stop
314,1.0,2605,0,correct,stop
315,1.0,134,0,correct,stop
316,1.0,423,0,correct,stop
317,1.0,168,0,correct,stop
318,1.0,308,0,correct,stop
319,1.0,769,0,correct,stop
320,1.0,133,0,correct,stop
321,1.0,613,0,correct,stop
322,1.0,780,0,correct,stop
323,1.0,589,0,correct,stop
324,1.0,199,0,correct,stop
325,0.0,0,1,budget,length
326,1.0,284,0,correct,stop
327,1.0,1700,0,correct,stop
328,1.0,609,0,correct,stop
329,1.0,635,0,correct,stop
330,0.0,518,0,wrong,stop
331,1.0,2163,0,correct,stop
332,1.0,2878,0,correct,stop
333,1.0,246,0,correct,stop
334,1.0,343,0,correct,stop
335,1.0,869,0,correct,stop
336,1.0,151,0,correct,stop
337,1.0,444,0,correct,stop
338,1.0,312,0,correct,stop
339,0.0,1848,0,wrong,stop
340,1.0,361,0,correct,stop
341,0.0,106,0,wrong,stop
342,1.0,1198,0,correct,stop
343,1.0,596,0,correct,stop
344,1.0,186,0,correct,stop
345,1.0,640,0,correct,stop
346,1.0,80,0,correct,stop
347,1.0,1237,0,correct,stop
348,1.0,687,0,correct,stop
349,1.0,433,0,correct,stop
350,1.0,363,0,correct,stop
351,1.0,394,0,correct,stop
352,0.0,0,1,budget,length
353,1.0,270,0,correct,stop
354,1.0,1470,0,correct,stop
355,1.0,206,0,correct,stop
356,1.0,456,0,correct,stop
357,1.0,5085,0,correct,stop
358,1.0,434,0,correct,stop
359,1.0,450,0,correct,stop
360,1.0,425,0,correct,stop
361,1.0,1272,0,correct,stop
362,1.0,1189,0,correct,stop
363,0.0,1311,0,wrong,stop
364,1.0,179,0,correct,stop
365,1.0,1005,0,correct,stop
366,1.0,2534,0,correct,stop
367,1.0,1150,0,correct,stop
368,1.0,337,0,correct,stop
369,1.0,2104,0,correct,stop
370,1.0,296,0,correct,stop
371,1.0,2516,0,correct,stop
372,1.0,2274,0,correct,stop
373,1.0,578,0,correct,stop
374,1.0,327,0,correct,stop
375,1.0,628,0,correct,stop
376,0.0,0,1,budget,length
377,1.0,563,0,correct,stop
378,1.0,1346,0,correct,stop
379,0.0,0,1,budget,length
380,1.0,923,0,correct,stop
381,1.0,1372,0,correct,stop
382,1.0,616,0,correct,stop
383,1.0,858,0,correct,stop
384,1.0,1206,0,correct,stop
385,1.0,4721,0,correct,stop
386,1.0,345,0,correct,stop
387,0.0,0,1,budget,length
388,1.0,226,0,correct,stop
389,1.0,482,0,correct,stop
390,1.0,493,0,correct,stop
391,1.0,1191,0,correct,stop
392,1.0,349,0,correct,stop
393,1.0,921,0,correct,stop
394,0.0,0,1,budget,length
395,1.0,2837,0,correct,stop
396,0.0,1020,0,wrong,stop
397,1.0,1216,0,correct,stop
398,1.0,877,0,correct,stop
399,0.0,0,1,budget,length
400,1.0,2677,0,correct,stop
401,1.0,471,0,correct,stop
402,1.0,588,0,correct,stop
403,1.0,927,0,correct,stop
404,1.0,269,0,correct,stop
405,0.0,5488,0,wrong,stop
406,1.0,2669,0,correct,stop
407,1.0,789,0,correct,stop
408,1.0,3381,0,correct,stop
409,0.0,0,1,budget,length
410,1.0,1309,0,correct,stop
411,1.0,534,0,correct,stop
412,1.0,1176,0,correct,stop
413,0.0,0,1,budget,length
414,1.0,699,0,correct,stop
415,1.0,51,0,correct,stop
416,1.0,647,0,correct,stop
417,1.0,139,0,correct,stop
418,1.0,1226,0,correct,stop
419,1.0,541,0,correct,stop
420,1.0,3066,0,correct,stop
421,1.0,184,0,correct,stop
422,1.0,689,0,correct,stop
423,1.0,2300,0,correct,stop
424,1.0,548,0,correct,stop
425,1.0,1340,0,correct,stop
426,1.0,1003,0,correct,stop
427,1.0,469,0,correct,stop
428,1.0,354,0,correct,stop
429,1.0,1006,0,correct,stop
430,1.0,373,0,correct,stop
431,1.0,333,0,correct,stop
432,1.0,369,0,correct,stop
433,1.0,697,0,correct,stop
434,1.0,1842,0,correct,stop
435,1.0,340,0,correct,stop
436,0.0,1500,0,wrong,stop
437,1.0,582,0,correct,stop
438,1.0,183,0,correct,stop
439,1.0,2395,0,correct,stop
440,0.0,0,1,budget,length
441,1.0,108,0,correct,stop
442,1.0,4777,0,correct,stop
443,1.0,287,0,correct,stop
444,0.0,0,1,budget,length
445,1.0,3620,0,correct,stop
446,0.0,0,1,budget,length
447,1.0,62,0,correct,stop
448,1.0,422,0,correct,stop
449,1.0,387,0,correct,stop
450,1.0,589,0,correct,stop
451,1.0,269,0,correct,stop
452,1.0,724,0,correct,stop
453,0.0,396,0,wrong,stop
454,1.0,2274,0,correct,stop
455,0.0,938,0,wrong,stop
456,1.0,158,0,correct,stop
457,1.0,346,0,correct,stop
458,1.0,322,0,correct,stop
459,1.0,118,0,correct,stop
460,1.0,938,0,correct,stop
461,0.0,480,0,wrong,stop
462,1.0,99,0,correct,stop
463,1.0,441,0,correct,stop
464,1.0,529,0,correct,stop
465,1.0,1215,0,correct,stop
466,0.0,7547,0,wrong,stop
467,1.0,321,0,correct,stop
468,1.0,3855,0,correct,stop
469,1.0,2248,0,correct,stop
470,0.0,1175,0,wrong,stop
471,1.0,9180,0,correct,stop
472,1.0,41,0,correct,stop
473,1.0,226,0,correct,stop
474,1.0,441,0,correct,stop
475,1.0,565,0,correct,stop
476,1.0,978,0,correct,stop
477,0.0,0,1,budget,length
478,1.0,712,0,correct,stop
479,0.0,5073,0,wrong,stop
480,1.0,184,0,correct,stop
481,1.0,628,0,correct,stop
482,1.0,740,0,correct,stop
483,0.0,946,0,wrong,stop
484,1.0,623,0,correct,stop
485,1.0,1702,0,correct,stop
486,1.0,414,0,correct,stop
487,1.0,1508,0,correct,stop
488,1.0,1446,0,correct,stop
489,1.0,3845,0,correct,stop
490,1.0,587,0,correct,stop
491,1.0,77,0,correct,stop
492,1.0,1248,0,correct,stop
493,1.0,163,0,correct,stop
494,1.0,857,0,correct,stop
495,1.0,1075,0,correct,stop
496,1.0,2227,0,correct,stop
497,1.0,1147,0,correct,stop
498,1.0,130,0,correct,stop
499,1.0,127,0,correct,stop
500,1.0,3274,0,correct,stop
501,1.0,565,0,correct,stop
502,1.0,179,0,correct,stop
503,0.0,27,0,wrong,stop
504,1.0,331,0,correct,stop
505,1.0,83,0,correct,stop
506,0.0,1647,0,wrong,stop
507,1.0,959,0,correct,stop
508,1.0,527,0,correct,stop
509,0.0,847,0,wrong,stop
510,1.0,2603,0,correct,stop
511,1.0,1913,0,correct,stop
512,1.0,136,0,correct,stop
513,1.0,153,0,correct,stop
514,1.0,2119,0,correct,stop
515,1.0,1206,0,correct,stop
516,1.0,2820,0,correct,stop
517,1.0,373,0,correct,stop
518,1.0,5442,0,correct,stop
519,1.0,81,0,correct,stop
520,1.0,302,0,correct,stop
521,0.0,0,1,budget,length
522,1.0,1285,0,correct,stop
523,0.0,916,0,wrong,stop
524,1.0,1650,0,correct,stop
525,1.0,164,0,correct,stop
526,1.0,1457,0,correct,stop
527,1.0,132,0,correct,stop
528,0.0,326,0,wrong,stop
529,1.0,159,0,correct,stop
530,1.0,374,0,correct,stop
531,0.0,0,1,budget,length
532,1.0,21,0,correct,stop
533,1.0,18,0,correct,stop
534,1.0,382,0,correct,stop
535,1.0,242,0,correct,stop
536,1.0,18,0,correct,stop
537,1.0,21,0,correct,stop
538,1.0,21,0,correct,stop
539,1.0,442,0,correct,stop
540,0.0,0,1,budget,length
